<Configuration>
    <Appenders>
        <Console name="Console" target="SYSTEM_OUT">
            <PatternLayout pattern="%d{HH:mm:ss.SSS} [%t] %-5level %logger{36} - %msg%n"/>
        </Console>
    </Appenders>
    <Loggers>
        <!-- avoid duplicated logs with additivity=false -->
        <Logger name="org.hibernate.SQL" level="debug" additivity="false">
            <AppenderRef ref="Console"/>
        </Logger>
        <Root level="error">
            <AppenderRef ref="Console"/>
        </Root>
    </Loggers>
</Configuration>