{
  "info": {
    "_postman_id": "3da4eeec-6238-471f-ab55-ce0d742fa76e",
    "name": "Udacity",
    "schema": "https://schema.getpostman.com/json/collection/v2.1.0/collection.json"
  },
  "item": [
    {
      "name": "Save Customer",
      "request": {
        "method": "POST",
        "header": [
          {
            "key": "Content-Type",
            "name": "Content-Type",
            "value": "application/json",
            "type": "text"
          }
        ],
        "body": {
          "mode": "raw",
          "raw": "{\r\n  \"name\": \"Alex\",\r\n  \"phoneNumber\": \"1234567890\"\r\n}",
          "options": {
            "raw": {
              "language": "json"
            }
          }
        },
        "url": {
          "raw": "http://localhost:8082/user/customer",
          "protocol": "http",
          "host": [
            "localhost"
          ],
          "port": "8082",
          "path": [
            "user",
            "customer"
          ]
        }
      },
      "response": []
    },
    {
      "name": "Save Pet",
      "request": {
        "method": "POST",
        "header": [
          {
            "key": "Content-Type",
            "name": "Content-Type",
            "value": "application/json",
            "type": "text"
          }
        ],
        "body": {
          "mode": "raw",
          "raw": "{\r\n  \"type\": \"CAT\",\r\n  \"name\": \"Kilo\",\r\n  \"birthDate\": \"2019-12-16T04:43:57.995Z\",\r\n  \"notes\": \"HI KILO\"\r\n, \"ownerId\": \"1\"\n}",
          "options": {
            "raw": {
              "language": "json"
            }
          }
        },
        "url": {
          "raw": "http://localhost:8082/pet",
          "protocol": "http",
          "host": [
            "localhost"
          ],
          "port": "8082",
          "path": [
            "pet"
          ]
        }
      },
      "response": []
    },
    {
      "name": "Save Employee",
      "request": {
        "method": "POST",
        "header": [
          {
            "key": "Content-Type",
            "name": "Content-Type",
            "value": "application/json",
            "type": "text"
          }
        ],
        "body": {
          "mode": "raw",
          "raw": "{\r\n  \"name\": \"Hannah\",\r\n  \"skills\": [\"PETTING\", \"FEEDING\"]\r\n}",
          "options": {
            "raw": {
              "language": "json"
            }
          }
        },
        "url": {
          "raw": "http://localhost:8082/user/employee",
          "protocol": "http",
          "host": [
            "localhost"
          ],
          "port": "8082",
          "path": [
            "user",
            "employee"
          ]
        }
      },
      "response": []
    },
    {
      "name": "Add Employee Schedule",
      "request": {
        "method": "PUT",
        "header": [
          {
            "key": "Content-Type",
            "name": "Content-Type",
            "type": "text",
            "value": "application/json"
          }
        ],
        "body": {
          "mode": "raw",
          "raw": "[\"MONDAY\", \"TUESDAY\", \"FRIDAY\"]",
          "options": {
            "raw": {
              "language": "json"
            }
          }
        },
        "url": {
          "raw": "http://localhost:8082/user/employee/1",
          "protocol": "http",
          "host": [
            "localhost"
          ],
          "port": "8082",
          "path": [
            "user",
            "employee",
            "1"
          ]
        }
      },
      "response": []
    },
    {
      "name": "Check Availability",
      "protocolProfileBehavior": {
        "disableBodyPruning": true
      },
      "request": {
        "method": "GET",
        "header": [
          {
            "key": "Content-Type",
            "name": "Content-Type",
            "type": "text",
            "value": "application/json"
          }
        ],
        "body": {
          "mode": "raw",
          "raw": "{\n\t\"date\": \"2019-12-17\",\n\t\"skills\": [\"PETTING\", \"FEEDING\"]\n}",
          "options": {
            "raw": {
              "language": "json"
            }
          }
        },
        "url": {
          "raw": "http://localhost:8082/user/employee/availability",
          "protocol": "http",
          "host": [
            "localhost"
          ],
          "port": "8082",
          "path": [
            "user",
            "employee",
            "availability"
          ]
        }
      },
      "response": []
    },
    {
      "name": "Create Schedule",
      "request": {
        "method": "PUT",
        "header": [
          {
            "key": "Content-Type",
            "name": "Content-Type",
            "type": "text",
            "value": "application/json"
          }
        ],
        "body": {
          "mode": "raw",
          "raw": "[\"MONDAY\", \"TUESDAY\", \"FRIDAY\"]",
          "options": {
            "raw": {
              "language": "json"
            }
          }
        },
        "url": {
          "raw": "http://localhost:8082/user/employee/1",
          "protocol": "http",
          "host": [
            "localhost"
          ],
          "port": "8082",
          "path": [
            "user",
            "employee",
            "1"
          ]
        }
      },
      "response": []
    },
    {
      "name": "Find Schedule By Pet",
      "protocolProfileBehavior": {
        "disableBodyPruning": true
      },
      "request": {
        "method": "GET",
        "header": [
          {
            "key": "Content-Type",
            "name": "Content-Type",
            "type": "text",
            "value": "application/json"
          }
        ],
        "body": {
          "mode": "raw",
          "raw": "",
          "options": {
            "raw": {
              "language": "json"
            }
          }
        },
        "url": {
          "raw": "http://localhost:8082/schedule/pet/1",
          "protocol": "http",
          "host": [
            "localhost"
          ],
          "port": "8082",
          "path": [
            "schedule",
            "pet",
            "1"
          ]
        }
      },
      "response": []
    },
    {
      "name": "Find Schedule By Employee",
      "protocolProfileBehavior": {
        "disableBodyPruning": true
      },
      "request": {
        "method": "GET",
        "header": [
          {
            "key": "Content-Type",
            "name": "Content-Type",
            "type": "text",
            "value": "application/json"
          }
        ],
        "body": {
          "mode": "raw",
          "raw": "[\"MONDAY\", \"TUESDAY\", \"FRIDAY\"]",
          "options": {
            "raw": {
              "language": "json"
            }
          }
        },
        "url": {
          "raw": "http://localhost:8082/schedule/employee/2",
          "protocol": "http",
          "host": [
            "localhost"
          ],
          "port": "8082",
          "path": [
            "schedule",
            "employee",
            "2"
          ]
        }
      },
      "response": []
    },
    {
      "name": "Find Schedule By Owner",
      "protocolProfileBehavior": {
        "disableBodyPruning": true
      },
      "request": {
        "method": "GET",
        "header": [
          {
            "key": "Content-Type",
            "name": "Content-Type",
            "type": "text",
            "value": "application/json"
          }
        ],
        "body": {
          "mode": "raw",
          "raw": "[\"MONDAY\", \"TUESDAY\", \"FRIDAY\"]",
          "options": {
            "raw": {
              "language": "json"
            }
          }
        },
        "url": {
          "raw": "http://localhost:8082/schedule/employee/2",
          "protocol": "http",
          "host": [
            "localhost"
          ],
          "port": "8082",
          "path": [
            "schedule",
            "employee",
            "2"
          ]
        }
      },
      "response": []
    },
    {
      "name": "Get All Customers",
      "protocolProfileBehavior": {
        "disableBodyPruning": true
      },
      "request": {
        "method": "GET",
        "header": [
          {
            "key": "Content-Type",
            "name": "Content-Type",
            "value": "application/json",
            "type": "text"
          }
        ],
        "body": {
          "mode": "raw",
          "raw": "",
          "options": {
            "raw": {
              "language": "json"
            }
          }
        },
        "url": {
          "raw": "http://localhost:8082/user/customer",
          "protocol": "http",
          "host": [
            "localhost"
          ],
          "port": "8082",
          "path": [
            "user",
            "customer"
          ]
        }
      },
      "response": []
    },
    {
      "name": "Get All Pets",
      "protocolProfileBehavior": {
        "disableBodyPruning": true
      },
      "request": {
        "method": "GET",
        "header": [
          {
            "key": "Content-Type",
            "name": "Content-Type",
            "value": "application/json",
            "type": "text"
          }
        ],
        "body": {
          "mode": "raw",
          "raw": "",
          "options": {
            "raw": {
              "language": "json"
            }
          }
        },
        "url": {
          "raw": "http://localhost:8082/user/customer",
          "protocol": "http",
          "host": [
            "localhost"
          ],
          "port": "8082",
          "path": [
            "user",
            "customer"
          ]
        }
      },
      "response": []
    },
    {
      "name": "Get Pets By Owner",
      "protocolProfileBehavior": {
        "disableBodyPruning": true
      },
      "request": {
        "method": "GET",
        "header": [
          {
            "key": "Content-Type",
            "name": "Content-Type",
            "type": "text",
            "value": "application/json"
          }
        ],
        "body": {
          "mode": "raw",
          "raw": "",
          "options": {
            "raw": {
              "language": "json"
            }
          }
        },
        "url": {
          "raw": "http://localhost:8082/pet/owner/1",
          "protocol": "http",
          "host": [
            "localhost"
          ],
          "port": "8082",
          "path": [
            "pet",
            "owner",
            "1"
          ]
        }
      },
      "response": []
    },
    {
      "name": "Get Owner By Pet",
      "protocolProfileBehavior": {
        "disableBodyPruning": true
      },
      "request": {
        "method": "GET",
        "header": [
          {
            "key": "Content-Type",
            "name": "Content-Type",
            "type": "text",
            "value": "application/json"
          }
        ],
        "body": {
          "mode": "raw",
          "raw": "",
          "options": {
            "raw": {
              "language": "json"
            }
          }
        },
        "url": {
          "raw": "http://localhost:8082/user/customer/pet/1",
          "protocol": "http",
          "host": [
            "localhost"
          ],
          "port": "8082",
          "path": [
            "user",
            "customer",
            "pet",
            "1"
          ]
        }
      },
      "response": []
    }
  ],
  "protocolProfileBehavior": {}
}
